{
 "terms": [
  "perfect", 
  "good", 
  "down", 
  "llda", 
  "bad", 
  "test", 
  "model", 
  "example", 
  "new"
 ], 
 "W": [
  [
   7, 
   7, 
   7, 
   7, 
   7
  ], 
  [
   5, 
   3, 
   6, 
   5, 
   3, 
   6, 
   5, 
   3, 
   6
  ], 
  [
   7, 
   5, 
   7, 
   5, 
   7, 
   5, 
   7, 
   5
  ], 
  [
   1, 
   0, 
   1, 
   1, 
   0, 
   1, 
   1, 
   0, 
   1
  ], 
  [
   4, 
   4, 
   2, 
   2, 
   4, 
   4, 
   2
  ], 
  [
   8, 
   7, 
   5, 
   7, 
   5, 
   7, 
   5, 
   7, 
   5
  ]
 ], 
 "vocabulary": {
  "perfect": 0, 
  "good": 1, 
  "down": 2, 
  "llda": 3, 
  "bad": 4, 
  "test": 5, 
  "new": 8, 
  "model": 6, 
  "example": 7
 }, 
 "LN": 11, 
 "WN": 47, 
 "topics": [
  "positive", 
  "negative", 
  "llda_model", 
  "test", 
  "common_topic", 
  "example"
 ], 
 "M": 6, 
 "iteration": 20, 
 "T": 9, 
 "alpha_vector": [
  8.333333333333334, 
  8.333333333333334, 
  8.333333333333334, 
  8.333333333333334, 
  8.333333333333334, 
  8.333333333333334
 ], 
 "eta_vector": [
  0.001, 
  0.001, 
  0.001, 
  0.001, 
  0.001, 
  0.001, 
  0.001, 
  0.001, 
  0.001
 ], 
 "Z": [
  [
   5, 
   5, 
   5, 
   5, 
   5
  ], 
  [
   3, 
   2, 
   3, 
   3, 
   2, 
   3, 
   3, 
   2, 
   3
  ], 
  [
   3, 
   3, 
   3, 
   3, 
   3, 
   3, 
   3, 
   3
  ], 
  [
   0, 
   0, 
   0, 
   0, 
   0, 
   0, 
   0, 
   0, 
   0
  ], 
  [
   1, 
   1, 
   4, 
   4, 
   1, 
   1, 
   4
  ], 
  [
   5, 
   5, 
   3, 
   5, 
   3, 
   3, 
   3, 
   3, 
   3
  ]
 ], 
 "topic_vocabulary": {
  "positive": 0, 
  "negative": 1, 
  "llda_model": 2, 
  "test": 3, 
  "common_topic": 4, 
  "example": 5
 }, 
 "K": 6, 
 "Lambda": null
}